{
  "redirects": [
    {
      "source": "/buy",
      "destination": "/",
      "permanent": true
    },
    {
      "source": "/guide",
      "destination": "/",
      "permanent": true
    },
    {
      "source": "/zh",
      "destination": "/",
      "permanent": true
    }
  ],
  "headers": [
    {
      "source": "/(.*)",
      "headers": [
        {
          "key": "X-Content-Type-Options",
          "value": "nosniff"
        },
        {
          "key": "X-Frame-Options",
          "value": "DENY"
        },
        {
          "key": "X-XSS-Protection",
          "value": "1; mode=block"
        },
        {
          "key": "Cache-Control",
          "value": "public, max-age=86400"
        }
      ]
    }
  ]
} 